size,bedrooms,age,price
4174,3,6,532910.5918237871
4507,5,10,684401.9886028826
1860,5,19,446428.9171525668
2294,1,15,383806.0207814269
2130,1,3,339412.07427320915
2095,2,5,419320.34359260293
4772,1,21,539543.8886180691
4092,3,25,543504.4047583791
2638,5,2,439892.8170885294
3169,2,40,460562.1904036651
1466,1,41,205041.34942334716
2238,3,13,378338.8035521192
1330,3,10,325858.3513581617
2482,1,17,389257.60127566237
3135,5,11,482262.80995394493
4444,1,22,599019.6281465057
4171,2,11,579011.7792642999
3919,1,12,448084.35178971395
4735,3,24,558768.5785780346
1130,1,44,191082.7132542096
2685,5,18,516032.2058257679
4380,4,45,634753.6483405456
1769,1,35,291673.8025034358
3391,5,44,525652.3397377386
2515,5,7,494957.3422473782
4485,3,28,553098.8563580153
3853,5,31,660579.8570325959
3433,5,43,610724.5245171209
2215,5,17,445043.5433487777
1955,5,5,424326.49009539303
3324,2,17,442859.2788015009
2184,2,18,374732.9019172369
1459,3,21,267619.68891833245
4385,1,36,409134.80322309415
1021,5,31,161945.25028591158
3300,1,40,376004.9385955802
1747,1,2,304059.5176643238
3904,3,27,553396.3022337192
4632,5,9,654229.9013089008
1474,5,34,342317.3440976356
2082,4,28,368590.7545828768
3558,1,14,413067.63159530447
4753,1,32,560856.3626060534
3047,2,6,487241.8146605321
4547,4,11,594339.8149650994
3747,2,48,429147.755715372
1975,2,29,266997.1074244229
2806,2,20,313719.2179015641
1189,3,30,238749.58059935793
4005,3,23,587237.4951077405
3734,2,19,512460.56336166454
4005,4,36,559242.8495566311
1562,1,3,287502.61901002354
2899,4,27,434652.6767628154
4638,5,43,549622.6581828739
2267,3,19,423685.25077692705
3879,1,23,546366.0295593307
2528,1,49,293731.8414213613
4202,5,48,588619.4222917615
4556,5,31,640930.6010321579
4890,2,40,618316.0334372462
1646,3,35,388533.0031275363
3068,3,33,508280.096182308
3888,4,35,533609.2455228163
3214,2,1,498027.0765936784
2297,2,14,428857.48486105696
3435,2,33,480076.48267863627
1600,2,35,267677.83578727173
3363,3,5,527419.5175839221
3061,3,38,409037.4810108025
1241,2,41,203803.30035689208
3041,4,11,436748.7615286116
3824,1,2,524819.0541394586
4417,1,44,517412.5533478509
3612,4,17,502541.1042710581
3945,2,39,498037.9147359422
2363,3,20,414252.6992111328
3139,1,14,526277.3964504179
2390,5,32,484346.5560534561
4003,5,34,477675.81053646305
2478,4,25,436923.55905198766
4499,2,7,667880.9903244006
3556,1,35,376112.0425061292
1775,2,47,309796.39273019304
1034,1,29,184277.2369620898
3253,4,22,560571.35617225
4152,4,41,593321.2862827453
2955,5,43,433238.17353624123
2585,2,13,381431.2786883387
4943,5,13,699600.6841925184
4459,2,1,587859.6336808831
4073,5,36,649577.4633281574
2021,3,4,332165.12364084116
4461,3,37,637927.5141227687
3613,3,44,477313.4864260574
2129,3,40,363095.80380935874
4843,1,46,568085.4743721599
4893,3,13,647807.368787123
2500,4,38,412525.5840936949
1702,4,24,417972.7518110918
3449,1,19,493932.55381862714
3777,3,1,531057.766925315
2579,3,38,476823.8967112494
1161,3,5,298461.02837802854
1201,5,16,348999.64351954556
2981,2,24,383187.229823765
1995,5,27,371684.29525966063
3317,2,1,447653.5096280298
4934,3,34,634592.8247849584
1815,3,36,356484.7962586013
4342,5,4,674488.6473170801
1455,5,0,449642.1561271931
4533,2,39,516421.0543985551
4798,4,11,672167.0477188117
2275,2,35,280134.29034385283
2016,5,44,335957.90400366695
4773,5,22,744315.2600420772
3343,1,46,388179.0041173654
4796,5,30,634025.2677410587
3767,1,10,383785.90582987893
4820,4,9,636232.1603330605
1337,2,2,268414.52061622596
1878,2,13,258885.3697783675
2076,1,15,300322.6625482742
1791,2,9,385427.4406326396
4993,5,28,661267.9550548736
3264,3,9,445631.71933138685
1763,1,11,233490.3883132441
3235,2,29,385602.80792047904
1379,1,40,249160.8349077884
1492,1,0,275446.44371521345
4112,3,4,627877.3496931384
2180,5,19,527597.5596673382
3062,1,7,329639.1692422348
4884,2,42,614942.2994014199
1064,4,11,241718.2087189062
4928,1,0,663729.7468511406
4910,1,19,582826.5956816666
3568,3,27,503308.5400543773
2367,5,42,354920.6631452864
2152,4,36,355835.09479907027
3027,2,46,407910.2831860017
3695,4,36,600848.276935947
2495,2,11,350983.1193046174
4134,5,36,576197.465878709
2162,2,48,362877.3062413602
2522,3,48,335647.6327200557
3640,3,43,554364.6607476241
1391,3,27,288248.3698825662
2698,3,46,410121.9153874908
1418,4,14,344963.41022460035
3336,5,5,522898.4640450994
1378,2,43,261515.75742575884
2796,2,19,370821.21416198567
4561,3,49,562936.3857595879
3278,3,13,518148.56103499373
4065,1,1,544195.5910143423
3088,5,8,522244.71462376934
4099,4,36,509700.5677189346
3182,2,19,400230.31474798365
1200,1,25,236338.55842205003
2863,1,28,418709.5755382541
1779,2,0,278140.1348990258
3977,4,34,520653.3363853496
4104,1,5,537255.7903508992
4119,1,36,507299.22609793046
1502,5,4,290805.76440791204
3454,4,32,520112.38668552577
4645,1,48,513177.64914723
2751,4,13,547128.1923072911
1804,2,11,335689.69223138434
3146,3,41,472367.1562690178
3731,1,19,496869.289855315
2895,5,49,402652.38255908876
3773,2,23,606636.5282364239
2570,4,42,337218.3528815104
1960,2,33,351162.1906404902
4810,1,24,612493.0791010377
3660,4,49,493876.1161677627
2485,3,28,432636.55315508164
3690,2,38,466348.9346036535
4840,1,30,539413.4245508376
2028,5,46,405830.47971500823
4289,4,42,535572.8265566379
1502,2,49,244497.10620969173
3814,2,22,477952.32093043986
1397,3,43,255438.97646628742
1870,3,37,346656.1147019205
3842,5,19,558563.2644996389
1392,5,22,336418.6104343306
1206,1,44,174107.73819368804
2038,1,15,384759.6651910406
2881,5,49,481109.9380253493
4625,5,41,659293.447000786
3939,4,7,623303.7052171716
2484,3,49,350596.7959533379
4762,1,20,622983.4604326601
4646,3,0,660022.6376540649
1863,3,7,275733.27879529656
3790,5,28,503616.4792296974
4312,4,31,566763.5346778088
1563,2,37,203758.1904662135
2020,4,4,387900.3899871936
1095,4,46,214206.72015437917
2923,3,21,437941.7094076751
2757,4,46,496222.2377108623
3532,1,33,446682.542547319
4478,3,0,606780.4124572027
3278,1,25,444660.0620237832
3796,2,42,456476.94430739345
2678,3,9,475479.96104058967
4242,2,29,570800.916440823
1540,3,49,279535.2841629936
2059,5,17,420633.09674497455
3572,4,16,645216.4624854365
2183,5,25,464825.1548772193
4910,2,7,742907.6210152882
2722,4,46,450107.7549468725
4314,3,39,498521.6189509858
4157,4,48,553343.8816843686
2819,1,11,307350.3839019023
3625,4,26,564468.1135439094
3729,1,7,528516.6514433303
3604,4,24,498044.81309216307
2597,1,45,303104.91234146565
4060,2,3,563760.5236457218
3693,5,32,506124.88712191896
1795,3,0,292405.5318380363
2051,4,18,447142.5559088912
2643,5,30,467235.09176697326
4627,3,15,592689.5427527578
2363,3,13,312461.2417142235
4869,1,47,608491.5600501049
2981,2,4,408781.72253968887
2354,2,40,438734.12588086526
2663,5,25,507453.23422760906
2529,2,27,344494.8594368219
3038,4,1,470793.5899931206
4419,2,49,630336.4888277745
2496,5,5,463916.52741834323
4302,2,8,545107.7999986081
3237,4,32,487809.6920336504
4296,1,40,489953.39977717184
2408,5,24,455546.1518472452
2400,1,47,316597.0590248968
2306,1,12,388365.0221526447
3680,1,8,463913.43826636183
3675,3,12,484413.9247815608
1972,3,30,326003.67960447684
2768,1,40,345754.79650733713
2282,5,10,440812.62081558804
4430,4,3,671632.6916263755
1709,4,33,363272.28592024534
2479,2,37,420097.90411578387
2434,5,45,384620.45872393955
1648,3,3,357250.06236491725
1317,1,37,256905.1140402672
4748,2,18,575539.2103961675
4296,4,5,614570.7118558928
4890,3,33,546711.7692577825
2257,3,17,429316.46840900485
1683,1,12,270172.34437115834
1663,4,40,364914.811068619
2998,5,22,511133.58825952536
4898,3,18,636385.7408903642
4445,1,44,447394.33416330256
4743,5,10,617864.3835714499
2631,4,0,336215.98189267033
2495,3,23,375338.9230381389
4304,5,6,761409.0647533616
4763,5,24,609334.5031005641
2136,5,20,289567.1732921107
2853,3,14,488355.09024534054
2520,3,0,542886.8617501284
3489,2,11,506084.732364547
1563,4,6,366773.3977443132
2291,1,14,324835.3224838094
4581,5,20,571602.3104246942
4878,2,18,543491.770041983
4457,1,28,530316.2369778065
4458,2,24,548012.0199756615
4184,3,32,557007.3485072685
2636,5,48,483992.37049732526
4696,1,31,538888.1928595026
3999,1,48,524057.2595166582
4152,1,34,478076.91165777127
1698,1,43,302477.46643232903
3160,1,37,406945.7478342132
1001,2,25,202631.60684950254
1641,5,10,382170.1305428176
3267,3,34,457507.64655322133
2589,3,7,436059.12782173103
1854,3,45,355498.5799488062
2759,3,13,439675.69569984195
4296,2,9,554679.4233514472
3432,4,1,489676.11042697856
4474,5,45,655840.6673048484
2661,1,8,404237.3479758225
2153,4,2,356969.3518935034
2076,3,20,404490.2441812288
2707,4,25,389253.94566516444
3777,5,7,650584.5158032831
2695,1,47,381746.3099240095
2733,1,1,420307.16065263667
2439,5,5,449883.12311347463
3294,5,27,558877.7803267371
1835,3,28,389020.82594650943
4510,1,25,577899.1887659617
1202,4,24,264245.01459530357
4255,2,11,578085.9640791733
1122,2,4,314425.69824934675
1400,5,33,442939.6587182608
1766,3,47,288942.2494791977
1293,2,36,289966.5750958544
3327,1,14,499190.874868399
4908,5,43,636473.6471447168
3931,4,35,648119.6315692246
4681,5,14,625513.5190867091
1197,4,42,313948.81623736874
4029,5,47,593444.1484843177
2930,5,22,497379.66838227824
4582,5,5,807491.4503927262
3799,4,45,519394.5518616576
3191,4,49,452094.45111484645
1608,5,43,410778.0032924405
4272,2,42,572319.0398916076
2147,3,44,409690.3693649481
1186,3,20,274653.55328300013
4397,3,22,604686.8231080921
3511,4,42,605824.6231647077
4420,4,15,580396.0841464946
2794,2,46,376891.86541337485
1659,3,14,364952.2431489613
3811,3,24,519214.8537413212
4002,5,35,565329.8063063094
2955,4,10,517909.78552628466
3450,3,14,572921.3537270051
2369,2,3,372440.78888657136
2986,2,20,421953.5580416325
2534,3,12,386718.8681406593
1146,4,21,275459.83960469376
4219,2,18,610746.3598193892
3911,5,33,585699.8488756954
2734,2,13,367688.8610833092
2843,1,3,421247.3222239596
1488,1,47,273392.78914924094
3976,4,45,530712.1411488493
2959,3,26,380534.9677956741
2663,4,28,546967.9327132214
3598,4,46,447407.9573908218
3385,4,27,492887.77680316597
3919,4,34,568751.9262341269
1640,5,7,368930.36746811506
2802,5,15,488050.45172247756
3520,2,41,489737.48786627286
2969,1,35,267619.69502223574
3198,4,29,427424.2599713071
2438,2,17,378751.8044996228
4369,1,1,538782.1666689643
2634,3,48,396989.6879845565
1262,5,12,343804.3825435791
2787,1,3,295007.4447981082
3191,3,25,530041.7781552599
3393,1,24,414997.303958154
1623,5,29,315894.365306935
2016,5,10,426535.1787849016
4643,2,6,613703.3661787602
1880,4,30,421947.63524714793
3049,1,43,396709.2891735086
3944,1,9,565539.7882511206
2327,3,38,321900.100410915
3301,5,12,547695.6962606895
4723,1,30,510313.1686990305
1452,5,6,371800.0958639506
4108,1,48,479778.8196364493
2183,2,41,321919.49280789914
4062,4,41,555725.8152483155
3056,1,35,434756.19395883864
4304,5,19,555336.6867989497
4170,2,3,520859.4881746224
2682,1,6,386513.6020228022
3863,3,0,508151.39450572873
3255,4,43,483809.1597512453
2154,1,44,293471.08708981704
1403,2,41,174559.5393496544
3199,3,46,376693.8705173756
3101,2,12,317786.5008369318
4191,2,21,484088.3587785857
2696,3,20,420995.54639256565
4991,2,21,631653.6122107033
1627,3,27,322346.2638389051
1586,1,8,237528.59996940155
2648,3,25,412430.4141115609
2443,3,8,433299.7438975375
2445,4,14,368511.48637890443
1103,3,9,277861.06799587805
4923,3,23,678691.6669105397
1253,1,41,188175.42967004655
4298,4,7,676143.3708365968
4183,5,23,595200.9441872477
3557,1,15,422384.54935895384
2496,1,48,352568.9520447603
1098,5,25,416909.6208391081
3200,3,26,474822.84813434037
2884,2,36,434713.22133421124
3961,4,3,565698.0981644482
2919,2,49,327272.6040754485
1877,5,23,397707.2608435584
1337,1,18,256240.94372179153
4777,1,35,553369.1251548552
3869,4,38,577329.8222523914
4234,1,9,507577.1251653425
4791,1,24,530198.1234157872
1956,4,17,431753.1736270155
2704,4,18,506881.08280691825
1160,5,35,276011.8335694944
2603,1,9,459718.8948499926
3848,1,32,465429.76405605057
1397,5,49,319439.8592315718
2300,3,4,394514.367898178
1815,3,46,337738.3490083098
4987,3,48,637214.4966160919
2527,5,34,459594.79868947656
2919,1,43,324395.15280291287
2415,5,33,346702.1401653256
2158,5,32,462659.8274785665
2218,3,20,352688.4150011155
1400,2,16,272889.91512829094
1639,1,21,288382.93716152315
4104,3,47,618333.301929969
3735,2,36,493158.12179675954
1459,2,14,264891.4796378876
1954,4,34,336396.76284042635
4954,1,27,592397.1034811243
1469,2,6,243525.2969061046
4446,3,31,587891.8526359166
2045,4,10,392781.85454435396
3797,1,9,579435.6991736246
2693,5,8,484472.47640290414
3085,3,13,377882.1749018683
3277,2,12,600003.0225065823
4436,2,24,620351.745348318
1562,3,1,434832.956242017
3485,2,34,406063.73276945105
2799,4,6,463295.35336649953
4354,1,20,576830.9311600062
3074,4,17,519075.8429913078
1225,2,2,282673.00345900527
4348,5,41,505882.30055275897
1797,1,38,184243.2566350335
4680,1,40,626361.3866170808
3331,3,48,544293.1835139445
3926,3,10,547605.6099186834
1959,5,38,454774.1274407557
2504,1,23,303406.0678189318
1452,5,45,286555.01784791396
4067,3,18,511572.21661387815
4900,3,3,620977.6487215506
1815,1,25,319682.43621897476
1658,4,37,284584.51616747037
4587,2,41,679367.5484853338
1546,3,31,321680.8929837803
2215,3,38,413742.5050744358
4120,4,44,592457.6846516872
4583,4,45,676033.0914284957
1016,5,35,246527.53368023795
4243,5,39,683074.8422292395
2243,2,36,345229.176675956
3205,2,32,496028.64588630386
3524,1,35,364871.82265154837
2069,5,2,438857.4612686677
4444,3,8,617935.0326935983
3565,5,7,546243.2049613558
3146,3,32,471198.0871503981
4963,4,5,765869.2839632907
2768,5,40,420833.81167311827
2060,4,38,420617.46706451604
3327,2,3,427260.6056347724
4420,2,12,681252.3611666614
3544,1,48,473039.63417598564
1301,5,1,444820.3684249133
1180,4,4,343654.66347326693
1606,3,43,316092.8643462449
4170,2,26,581208.5854207125
1699,2,31,284765.28168718517
1992,3,20,275723.36531228566
2139,4,7,426757.52129279607
1190,4,37,241863.14238600017
3300,5,7,496946.42971929145
1980,5,49,404417.282041091
3975,1,2,504144.17872115574
3006,2,43,459334.0284081148
2184,5,2,401569.7924423166
4327,4,21,587764.4078206384
4394,3,5,667766.6481812724
1127,4,1,319685.9783983598
3065,2,22,361533.9635945075
2816,4,43,453177.7746454578
2758,1,1,473414.70680999174
3613,2,37,452327.83883329766
1569,3,16,347014.48526949127
2346,1,34,285732.86175427254
2895,2,33,400830.25171950797
3733,3,22,579111.3095373133
4863,1,29,597293.3833068713
1625,1,7,349034.4995258023
4359,2,21,585355.9234984105
3901,5,43,677288.7950286622
2686,1,35,279101.1452722051
4009,1,4,515056.6671692039
4710,3,12,576600.1553800098
1154,4,28,236768.93115369984
3537,2,30,423349.53299892874
2409,2,46,348956.1856711103
1784,5,15,397826.13638406625
4175,5,41,626711.7279820181
4464,2,29,511886.1095341415
4882,5,15,681739.6343386456
1245,3,11,242606.4655609132
4247,2,16,604337.1349858965
4110,5,15,578098.3120736184
2500,2,11,375929.2363724731
2705,4,7,492849.04634121637
3806,1,19,459443.04949178325
1537,2,2,340841.0840576724
2890,1,15,475907.31192121346
2841,5,29,492890.3856987536
1920,1,44,315106.51783697936
3455,2,22,373674.07762888086
1524,4,27,302626.96377087483
3875,5,39,581995.3239875305
2529,2,4,347378.92077914195
3950,5,19,611302.2413513276
4896,3,39,678889.1786633407
1035,1,43,91616.54314330792
1684,3,0,282049.84451648965
1019,2,29,232864.8729959268
3368,4,20,540995.7529677252
4847,5,19,729199.90073635
3559,1,5,477717.6402099285
1399,5,21,365353.36770319194
3701,2,17,549759.2495837762
1971,5,7,396075.9983082934
2906,1,38,350444.77388533746
3518,2,31,462870.35475029354
2166,5,32,416594.44075339515
2115,4,15,364279.6091039318
4425,2,11,564847.8778326736
1833,2,37,315064.6137282306
2823,4,33,456549.38251611905
3774,3,13,523949.24230750784
2982,1,35,296509.7405065844
1853,3,32,327963.03996772814
1050,5,22,259435.77390870443
4736,4,49,673900.235286486
4769,3,44,592668.6368592986
1574,2,1,256716.82063063464
4261,5,40,604944.4351340006
2148,5,20,483994.95607283514
3197,3,1,525347.391701875
3361,3,26,498894.4483154269
3617,4,8,485532.42821879865
4413,1,0,645387.7447363909
3352,3,10,468751.9807615535
2715,3,2,488775.7468052516
1681,2,22,274684.19368616235
1837,5,25,430638.1676094408
4854,1,3,672357.8825955931
2077,2,17,376475.157446622
4050,4,5,639669.7238731543
3491,4,34,507290.1610699126
3660,3,21,498326.08469979157
4040,3,42,541547.3483588501
3311,4,14,497633.4496074057
4124,3,21,687798.3275025885
2595,1,36,304509.5588087727
4051,3,41,586826.6493716966
4691,5,11,709286.3113797512
1004,3,46,241416.04097710067
2126,2,48,388191.8927889469
2219,1,41,322317.6304072054
1773,2,37,258229.29259325206
1876,2,17,335048.61448313406
1991,5,44,370812.114553528
3931,1,34,511948.52909521264
4421,1,29,578385.3191457674
1046,1,23,162396.0544265175
3914,1,41,536439.3997049476
3870,1,29,470121.7271327604
3983,5,13,635691.4433480274
4891,3,5,685337.2727103629
3703,2,2,534406.044437801
1268,1,15,232824.56029382336
1369,3,6,283121.8594399614
1635,3,13,311635.0409946547
2129,2,8,432374.55603576393
2693,5,14,435075.43303210154
2682,4,20,411004.7836646065
1656,4,34,288943.57422727766
1119,3,1,297275.678739949
1830,2,26,229966.98156745997
2810,4,1,413155.044179482
4675,3,34,591594.6586175637
2081,5,17,344927.09645086265
2974,4,13,420612.18477714027
2369,3,19,328705.13153157727
1740,3,17,286463.0045410703
4545,1,9,610447.9375287606
1116,5,24,361909.03277546645
2853,1,1,505587.0786186373
3838,2,24,604138.3463161613
2150,1,32,353230.82984484546
4464,1,35,587590.7788351612
2931,4,30,472895.10454146983
2012,3,13,391443.30527197634
2664,5,0,588502.0672572496
2081,1,45,306415.52349996066
1633,5,15,430519.762255639
1512,1,45,188419.55718993602
4822,2,2,599533.61320392
3849,1,34,488835.4088254526
2119,4,40,380085.50619885506
4709,3,5,606930.8080317124
2141,2,24,457040.5278384383
1559,1,12,278577.5672290482
4672,5,33,640794.9045334646
1487,2,7,303940.40234301187
4308,2,20,563418.3712719182
4956,1,33,595439.6895083243
1896,2,3,252630.60262713922
4343,5,24,701701.3167553641
2212,2,14,420574.4370892004
1703,5,3,463473.58829135523
2470,1,44,340594.32408501505
1580,3,11,354785.4942802259
3837,2,31,459088.9666180743
3908,3,31,577502.2581262469
3294,5,27,539078.8006699341
4147,2,12,530150.3352197843
1153,4,30,329663.0043268492
2679,3,13,480200.45161548065
4506,2,19,585939.6650589575
1996,3,17,380522.9946612908
4157,2,28,491043.5417868978
3744,1,5,553535.6941312114
4356,3,31,535931.3052747
2243,4,28,358080.61120786576
2092,4,42,366897.0592211677
4118,5,1,689849.5650319895
2008,2,22,386189.3828750853
3141,3,18,472249.482407205
2773,5,30,511907.41134926444
1957,3,4,282403.8475313682
4059,2,18,505495.89529209794
1452,4,33,273403.4028146977
2227,1,9,397151.8312207394
3959,4,24,603527.7134270584
3265,5,1,558794.6989456187
3521,1,10,476877.4286435521
3479,5,49,603244.9851471598
3388,2,30,448288.9194800199
1550,1,14,198706.03189021492
2635,5,8,532393.5111603288
2312,2,22,368056.83360665385
4325,4,18,659248.8270121427
2757,2,8,414160.3177259127
1356,3,34,232513.21932754887
3070,2,20,459654.34420205135
2785,2,8,422424.9261214175
3569,3,27,515110.24372595816
2781,5,45,538926.199200723
4908,5,6,657155.0020159663
4171,2,15,565591.220186721
3849,3,15,503237.84676605207
4251,3,32,437647.9500073778
4294,4,3,625858.6134798652
4977,5,3,721588.2742765938
3809,1,38,503056.6240996151
4730,5,39,647468.8942966207
3489,5,16,481218.35416411865
2631,4,36,385820.52995893604
3816,1,38,537900.9111901275
2015,4,28,330895.840974944
2348,1,35,404330.93284037034
1515,2,37,315126.0979899883
4087,1,38,480607.04705466545
3839,4,49,501240.569813076
1335,5,36,374685.1858078166
2782,1,34,356308.34853819053
3305,1,6,371939.0100293244
1496,3,26,329161.16381570173
1895,5,27,411194.3150877777
3207,2,21,504899.47497934883
4546,4,13,659996.0951337449
1851,2,6,301587.4455813968
2687,5,36,516117.3485459529
2931,1,21,468671.16291307326
3737,1,4,510355.412160475
4746,5,1,702603.7045249031
3427,1,26,379779.3743199098
2568,1,20,329698.6366166817
1956,1,37,324688.2760427453
3738,4,14,531266.3037791235
4498,4,20,559791.1812026146
2636,3,9,603009.9400603271
2291,2,22,281691.43154969043
4906,5,38,791885.8985118351
4648,5,4,668919.7755092399
2440,5,0,460441.55776035297
2191,3,12,352333.57483559655
4913,4,20,715755.2200164114
2066,3,25,282826.93067696126
4627,5,49,543831.5244395412
1284,2,44,316346.4020569402
3444,1,20,408812.1682912877
1011,4,17,321934.2105923404
2630,4,36,376126.2857139538
4373,3,44,604087.6768230668
4969,4,31,751992.2002963378
4324,5,35,596131.7814563945
3546,5,16,466252.36374082667
1753,3,34,403934.293993938
3082,5,48,529523.7739973641
3774,2,10,497617.7269266697
3896,3,20,531503.6742999544
1089,2,25,172735.97519787028
1775,1,3,371244.61398549104
3652,2,33,456316.5596597725
4993,1,47,505544.95714471146
4017,1,17,519813.93609293195
2625,2,39,331410.145364876
4069,3,34,495388.5185534455
1417,5,40,306566.3081084545
1114,5,28,311631.7598316481
1616,1,28,191394.92237324655
4974,1,37,654134.4842563596
4267,3,41,598539.944028105
1825,4,20,341221.0809674832
4572,2,41,524735.0319593999
2649,1,12,371291.72093566065
2516,5,48,473101.4565570349
4146,3,40,589202.4515428401
1412,2,16,326933.0912288187
4447,3,8,589686.7733245486
4491,2,40,416195.5341969497
1728,2,0,384814.9081247628
4348,1,1,552882.8624385293
4068,3,47,569658.7644643456
3808,3,28,609310.8614483655
1675,5,32,481955.01519201614
4465,5,9,628175.4724158036
2892,1,49,372244.5993261743
3504,1,39,501116.54551620525
3967,4,20,533506.4189496378
3239,5,27,494110.54993579414
3786,2,10,485633.27147016156
4760,3,33,616860.4475906991
2122,1,7,318643.4708138027
2571,3,21,379113.26277012116
1977,3,7,313863.341548116
2008,4,48,397852.0966147288
3143,5,14,589927.8596530413
2687,1,16,453056.84226947895
3710,3,22,498454.6040990525
4261,1,23,566533.4568969187
4807,2,44,597741.6907327342
1036,4,18,256616.78467745188
4851,2,4,664459.2057077273
4440,1,31,508597.330820753
4766,1,43,541646.803624328
2548,5,0,415923.4480557411
3326,3,22,456768.08428901434
3264,3,36,477508.8115081279
3914,2,7,608084.5195602878
1872,4,12,352672.4880097084
2821,3,7,395964.65160447714
2296,5,22,504848.924453388
4952,2,42,581943.111359771
3109,2,0,373028.117441749
1595,5,44,346569.66581372113
2903,4,23,452287.47751867713
1728,5,34,477181.8190104137
2365,4,23,438572.8851031702
1396,5,16,343334.06669212325
1698,5,4,346993.28191523225
4090,1,19,529561.4225734279
3224,2,20,519273.69028678
2635,5,39,465744.06658881874
1395,5,30,291598.4185807584
3492,3,45,503769.6884843991
4304,2,35,544056.6595981601
4986,3,10,683516.6185809372
1075,2,14,225450.5317349888
1264,3,18,262474.317747782
3502,5,6,551232.8688847764
2819,5,27,527611.2973559767
1717,1,42,236219.62466579222
3782,3,4,524788.013172282
4455,4,4,593461.2302513466
4635,1,29,581412.5280236602
1850,3,31,341635.71550712164
4577,3,7,601911.3802411276
2390,1,9,319183.3616834477
1143,5,37,388065.8377165706
1884,3,46,220973.19028233518
4140,5,31,629144.6214077931
4170,1,47,557945.5317910806
1395,5,27,166450.87152885043
4096,2,16,582872.415952701
3995,4,30,558005.9631171047
3938,3,7,575248.724694132
2492,4,39,396226.99519041606
4555,5,24,714733.7669571204
4636,3,8,647672.6392408758
4222,5,1,650090.6681986245
2167,2,14,310248.321274252
3616,1,49,530707.0533387861
2062,3,2,380949.4956824881
3156,2,48,531953.1405260212
4764,2,35,689083.7443413505
2065,3,3,285830.89601035765
2209,5,13,402223.07314293116
3982,2,40,451836.4497037791
3445,4,40,498563.65494545456
4294,2,24,566586.8195324275
1633,5,49,348290.63714567805
2156,5,9,485236.153103473
4234,4,20,672793.8834179027
2238,2,35,389770.45620267245
1732,5,11,363223.4362645924
1234,3,26,228309.15278661158
4914,1,39,584759.4892406901
3705,1,1,514025.9224660517
1750,1,12,273494.35355804546
3635,2,31,414825.1122808499
4080,4,30,613297.7826024834
4145,5,15,600672.5114127101
1953,3,31,316487.5631736745
3539,3,31,495884.9339873268
3960,2,33,504221.35682071897
4324,1,10,529858.1642018021
4301,2,9,505937.21279839746
2542,4,14,431008.944894591
2197,4,16,436472.5457683448
2676,5,39,470996.9483673406
2191,5,17,470357.2851296803
3217,4,8,477339.3854886997
2416,4,24,353776.50644607854
3993,4,39,546240.0803788337
3842,2,13,489796.0344982707
3681,4,24,522887.2650339545
2217,3,49,357021.8901514316
2540,1,21,332687.8648034836
3076,4,29,411733.8655642531
4236,1,19,507544.4561111765
2445,2,20,390062.67887678527
3386,1,43,454570.4183463334
4719,2,31,623931.6923423939
2519,3,45,404216.09210332023
2388,2,48,331228.13424181705
2856,2,20,436850.14878353494
2365,5,34,423815.850937324
1499,4,31,321224.1425140526
2680,4,29,390830.8954680316
1510,3,38,288449.8987272191
4398,3,48,581438.9672403883
1216,4,11,326378.36860814545
2324,5,40,354246.3415057729
2155,4,46,375634.403954867
2827,5,17,414824.0725318571
4141,3,20,577214.2407519544
4323,1,12,510734.0989002973
4486,3,20,688811.0824205072
2810,3,7,452902.2411554768
3492,2,45,499116.15062633064
3923,2,39,606167.209871432
2205,2,45,282141.644357371
3214,2,6,486510.6559710048
1090,5,22,251746.29207861546
1713,4,43,345064.1586609991
2881,1,31,468803.35535861395
4602,3,10,594700.6065465045
1038,5,21,263483.4977791627
4197,1,21,519349.6755446658
4522,5,42,736725.9717862922
1172,5,24,357518.03489775566
1652,3,21,279990.3216820132
1753,4,27,418398.813779333
2243,2,28,264644.82382688206
4709,4,12,766002.7734202393
2081,3,17,407049.7300431138
2683,3,1,532399.355425467
3523,3,28,413989.0833297407
1455,1,20,254002.37125915755
1828,4,14,363400.62024181965
1894,4,26,309394.6210515068
2384,5,49,352079.4184604111
2958,5,30,520722.34215816495
4072,5,14,647366.6131595833
3434,3,22,561787.7606380197
2996,4,23,447748.0848951713
3395,3,43,462151.21195815934
1189,1,12,162735.98830317493
1504,5,21,426892.566385651
2214,3,42,357787.8421130218
2531,3,36,424783.34840144846
4440,1,32,581497.8455975745
4480,2,2,670387.329094678
1823,4,18,317344.74366530153
1928,2,22,356377.94385797065
1933,5,28,385030.61723936006
2140,3,29,467317.8559735819
1133,1,38,154893.33574198803
3105,1,43,453345.01053214574
4627,4,46,634943.027878754
1684,2,24,310835.00324456336
3719,4,36,539079.900516424
3220,3,46,519119.5731120112
2852,4,7,490494.41038478777
1814,1,41,188416.52508155405
2172,1,15,389306.1658077799
1079,5,7,377364.63246392546
3933,5,0,647752.220327636
4284,3,43,505982.8678428818
1202,2,4,223256.78447578274
3811,4,2,483994.39054050605
2252,3,0,420658.5956304061
2699,5,3,419838.3065021211
2250,4,39,300072.1498954614
2682,5,34,524259.96420484886
2555,4,31,464054.58908543503
4512,2,41,545513.6834394914
4473,3,33,579820.6526625032
3094,4,42,352125.43876069254
2256,1,24,369650.6446263188
4376,1,9,522553.8235931386
2549,4,20,452296.4824593089
2166,4,45,247411.13146248268
4486,4,38,655092.5521869902
4584,1,26,518949.9844262478
2396,1,26,274734.16258402384
4637,4,1,647136.0671042844
4957,5,40,652992.5677839466
4330,5,47,666426.196061516
3703,2,12,483786.6108377222
1470,3,8,384719.75537854247
4018,5,35,603741.7827879064
2035,1,21,350193.32347996393
2353,5,41,420989.1087773385
3783,2,25,569068.317224548
3831,2,11,465422.77608853386
1967,3,16,369472.18135615176
1357,5,13,332157.60382664396
4019,1,13,584910.4960896246
4479,1,33,616539.500172478
1667,4,19,348987.5013084074
1372,1,10,188981.06090041978
2031,3,15,382582.1003300263
2145,3,30,275014.5569215343
2371,1,5,441120.2710080816
3723,1,18,457559.22840583033
1089,4,36,270342.5045888036
4719,1,3,563291.0153774818
3745,4,46,484164.13774214394
4387,4,3,674553.700538844
4249,1,19,521288.55025447346
1539,2,9,297357.13163518143
3779,2,23,455284.2821782297
1868,4,34,397383.56321335986
1040,1,25,250913.16165691311
1739,2,36,278328.07291099516
4775,1,37,633832.2231980151
2946,1,20,396268.55922616535
3549,1,39,481327.82107400143
4006,5,38,508822.00342019764
4216,1,20,542465.5167486605
2224,5,9,422426.6300323361
1928,4,37,365031.0016125246
3036,2,45,413576.78962026
4795,2,3,633320.4160587006
3508,2,44,490121.32779449323
3779,2,19,480117.7794155476
3799,2,16,543327.3887346851
1924,2,6,399077.1604552104
3956,2,3,473838.250012252
2581,4,28,390801.17339722207
4618,1,13,534799.5806200469
4324,3,2,553398.4314752042
1389,5,23,317498.7202088669
2617,3,36,451457.2246408724
3930,3,15,624889.5800764004
1255,1,3,251570.90771640395
1708,1,23,253845.81383279414
2838,1,33,420648.4621156738
2944,2,29,300312.29364568886
3497,4,17,481235.7379350001
1009,2,18,113750.27126097663
3871,4,30,505238.0079528694
1797,4,18,319216.3181967586
4313,3,48,631882.6325802605
